<?xml version="1.0" encoding="utf-8"?>
<layer-list xmlns:android="http://schemas.android.com/apk/res/android">
    <item>
        <shape android:shape="rectangle">
            //边框角度 
            <corners android:radius="20dip"/>
            //外边框颜色
            <solid android:color="#000000"/>
        </shape>
    </item>
    //离边框的厚度
    <item android:bottom="2dp" android:left="2dp" android:right="2dp" android:top="2dp">
        <shape android:shape="rectangle">
            //边框角度
            <corners android:radius="19dip"/>
            //外边框颜色，这个为内部颜色
            <solid android:color="#ffffff" />
        </shape>
    </item>

</layer-list>