<?xml version="1.0" encoding="utf-8"?>
<RelativeLayout xmlns:android="http://schemas.android.com/apk/res/android"
    android:layout_width="match_parent"
    android:layout_height="match_parent"
    android:background="#8fbc8f">
    <LinearLayout
        android:layout_above="@id/bottom_two"
        android:layout_width="match_parent"
        android:layout_height="30dp"
        android:orientation="horizontal"
        android:gravity="center">
        <LinearLayout
            android:layout_width="10dp"
            android:layout_height="10dp"
            android:background="@drawable/radiu_circle"
            android:layout_margin="10dp">

        </LinearLayout>
        <LinearLayout
            android:layout_width="10dp"
            android:layout_height="10dp"
            android:background="@drawable/radiu_circle"
            android:layout_margin="10dp">

        </LinearLayout>
        <LinearLayout
            android:layout_width="10dp"
            android:layout_height="10dp"
            android:background="@drawable/radiu_circle"
            android:layout_margin="10dp">

        </LinearLayout>
        <LinearLayout
            android:layout_width="10dp"
            android:layout_height="10dp"
            android:background="@drawable/radiu_circle"
            android:layout_margin="10dp">

        </LinearLayout>

    </LinearLayout>
    <LinearLayout
        android:id="@+id/bottom_two"
        android:layout_above="@id/bottom_one"
        android:layout_width="match_parent"
        android:layout_height="320dp"
        android:orientation="vertical">
        <!--123-->
        <LinearLayout
            android:layout_width="match_parent"
            android:layout_height="80dp"
            android:orientation="horizontal">

            <LinearLayout
                android:layout_width="match_parent"
                android:layout_height="match_parent"
                android:orientation="vertical"
                android:layout_weight="1"
                android:gravity="center">
                <TextView
                    android:layout_width="wrap_content"
                    android:layout_height="wrap_content"
                    android:textSize="32sp"
                    android:text="1"
                    android:textColor="#fcfcfc"/>
                <TextView
                    android:layout_width="wrap_content"
                    android:layout_height="wrap_content"
                    android:textSize="12sp"
                    android:text=" "
                    android:textColor="#fcfcfc"/>
            </LinearLayout>
            <LinearLayout
                android:layout_width="match_parent"
                android:layout_height="match_parent"
                android:orientation="vertical"
                android:layout_weight="1"
                android:gravity="center">
                <TextView
                    android:layout_width="wrap_content"
                    android:layout_height="wrap_content"
                    android:textSize="32sp"
                    android:text="2"
                    android:textColor="#fcfcfc"/>
                <TextView
                    android:layout_width="wrap_content"
                    android:layout_height="wrap_content"
                    android:textSize="12sp"
                    android:text="ABC"
                    android:textColor="#fcfcfc"/>
            </LinearLayout>
            <LinearLayout
                android:layout_width="match_parent"
                android:layout_height="match_parent"
                android:orientation="vertical"
                android:layout_weight="1"
                android:gravity="center">
                <TextView
                    android:layout_width="wrap_content"
                    android:layout_height="wrap_content"
                    android:textSize="32sp"
                    android:text="3"
                    android:textColor="#fcfcfc"/>
                <TextView
                    android:layout_width="wrap_content"
                    android:layout_height="wrap_content"
                    android:textSize="12sp"
                    android:text="DEF"
                    android:textColor="#fcfcfc"/>
            </LinearLayout>
        </LinearLayout>
        <!--456-->
        <LinearLayout
            android:layout_width="match_parent"
            android:layout_height="80dp"
            android:orientation="horizontal">

            <LinearLayout
                android:layout_width="match_parent"
                android:layout_height="match_parent"
                android:orientation="vertical"
                android:layout_weight="1"
                android:gravity="center">
                <TextView
                    android:layout_width="wrap_content"
                    android:layout_height="wrap_content"
                    android:textSize="32sp"
                    android:text="4"
                    android:textColor="#fcfcfc"/>
                <TextView
                    android:layout_width="wrap_content"
                    android:layout_height="wrap_content"
                    android:textSize="12sp"
                    android:text="GHI"
                    android:textColor="#fcfcfc"/>
            </LinearLayout>
            <LinearLayout
                android:layout_width="match_parent"
                android:layout_height="match_parent"
                android:orientation="vertical"
                android:layout_weight="1"
                android:gravity="center">
                <TextView
                    android:layout_width="wrap_content"
                    android:layout_height="wrap_content"
                    android:textSize="32sp"
                    android:text="5"
                    android:textColor="#fcfcfc"/>
                <TextView
                    android:layout_width="wrap_content"
                    android:layout_height="wrap_content"
                    android:textSize="12sp"
                    android:text="JKL"
                    android:textColor="#fcfcfc"/>
            </LinearLayout>
            <LinearLayout
                android:layout_width="match_parent"
                android:layout_height="match_parent"
                android:orientation="vertical"
                android:layout_weight="1"
                android:gravity="center">
                <TextView
                    android:layout_width="wrap_content"
                    android:layout_height="wrap_content"
                    android:textSize="32sp"
                    android:text="6"
                    android:textColor="#fcfcfc"/>
                <TextView
                    android:layout_width="wrap_content"
                    android:layout_height="wrap_content"
                    android:textSize="12sp"
                    android:text="MNO"
                    android:textColor="#fcfcfc"/>
            </LinearLayout>
        </LinearLayout>
        <!--789-->
        <LinearLayout
            android:layout_width="match_parent"
            android:layout_height="80dp"
            android:orientation="horizontal">

            <LinearLayout
                android:layout_width="match_parent"
                android:layout_height="match_parent"
                android:orientation="vertical"
                android:layout_weight="1"
                android:gravity="center">
                <TextView
                    android:layout_width="wrap_content"
                    android:layout_height="wrap_content"
                    android:textSize="32sp"
                    android:text="7"
                    android:textColor="#fcfcfc"/>
                <TextView
                    android:layout_width="wrap_content"
                    android:layout_height="wrap_content"
                    android:textSize="12sp"
                    android:text="PQRS"
                    android:textColor="#fcfcfc"/>
            </LinearLayout>
            <LinearLayout
                android:layout_width="match_parent"
                android:layout_height="match_parent"
                android:orientation="vertical"
                android:layout_weight="1"
                android:gravity="center">
                <TextView
                    android:layout_width="wrap_content"
                    android:layout_height="wrap_content"
                    android:textSize="32sp"
                    android:text="8"
                    android:textColor="#fcfcfc"/>
                <TextView
                    android:layout_width="wrap_content"
                    android:layout_height="wrap_content"
                    android:textSize="12sp"
                    android:text="TUV"
                    android:textColor="#fcfcfc"/>
            </LinearLayout>
            <LinearLayout
                android:layout_width="match_parent"
                android:layout_height="match_parent"
                android:orientation="vertical"
                android:layout_weight="1"
                android:gravity="center">
                <TextView
                    android:layout_width="wrap_content"
                    android:layout_height="wrap_content"
                    android:textSize="32sp"
                    android:text="9"
                    android:textColor="#fcfcfc"/>
                <TextView
                    android:layout_width="wrap_content"
                    android:layout_height="wrap_content"
                    android:textSize="12sp"
                    android:text="WXYZ"
                    android:textColor="#fcfcfc"/>
            </LinearLayout>
        </LinearLayout>
        <!--0-->
        <LinearLayout
            android:layout_width="match_parent"
            android:layout_height="80dp"
            android:orientation="horizontal">

            <LinearLayout
                android:layout_width="match_parent"
                android:layout_height="match_parent"
                android:orientation="vertical"
                android:layout_weight="1"
                android:gravity="center">
                <TextView
                    android:layout_width="wrap_content"
                    android:layout_height="wrap_content"
                    android:textSize="32sp"
                    android:text=""
                    android:textColor="#fcfcfc"/>
                <TextView
                    android:layout_width="wrap_content"
                    android:layout_height="wrap_content"
                    android:textSize="12sp"
                    android:text=""
                    android:textColor="#fcfcfc"/>
            </LinearLayout>
            <LinearLayout
                android:layout_width="match_parent"
                android:layout_height="match_parent"
                android:orientation="vertical"
                android:layout_weight="1"
                android:gravity="center">
                <TextView
                    android:layout_width="wrap_content"
                    android:layout_height="wrap_content"
                    android:textSize="32sp"
                    android:text="0"
                    android:textColor="#fcfcfc"/>
                <TextView
                    android:layout_width="wrap_content"
                    android:layout_height="wrap_content"
                    android:textSize="12sp"
                    android:text="+"
                    android:textColor="#fcfcfc"/>
            </LinearLayout>
            <LinearLayout
                android:layout_width="match_parent"
                android:layout_height="match_parent"
                android:orientation="vertical"
                android:layout_weight="1"
                android:gravity="center">
                <TextView
                    android:layout_width="wrap_content"
                    android:layout_height="wrap_content"
                    android:textSize="32sp"
                    android:text=""
                    android:textColor="#fcfcfc"/>
                <TextView
                    android:layout_width="wrap_content"
                    android:layout_height="wrap_content"
                    android:textSize="12sp"
                    android:text=""
                    android:textColor="#fcfcfc"/>
            </LinearLayout>
        </LinearLayout>

    </LinearLayout>
    <LinearLayout
        android:id="@+id/bottom_one"
        android:layout_alignParentBottom="true"
        android:layout_width="match_parent"
        android:layout_height="100dp"
        android:orientation="horizontal">
        <TextView
            android:layout_width="match_parent"
            android:layout_height="wrap_content"
            android:layout_weight="1"
            android:textSize="20sp"
            android:text="紧急呼叫"
            android:textColor="#fcfcfc"
            android:gravity="center"/>
        <TextView
            android:layout_width="match_parent"
            android:layout_height="wrap_content"
            android:layout_weight="1"
            android:textSize="20sp"
            android:text="删除"
            android:textColor="#fcfcfc"
            android:gravity="center"/>
    </LinearLayout>


</RelativeLayout>
