<?xml version="1.0" encoding="UTF-8"?>
<project xmlns="http://maven.apache.org/POM/4.0.0" xmlns:xsi="http://www.w3.org/2001/XMLSchema-instance" xsi:schemaLocation="http://maven.apache.org/POM/4.0.0 http://maven.apache.org/maven-v4_0_0.xsd">
  <parent>
    <artifactId>imagetool</artifactId>
    <groupId>com.ahua</groupId>
    <version>1.0</version>
  </parent>
  <modelVersion>4.0.0</modelVersion>
  <groupId>com.ahua</groupId>
  <artifactId>imagetool-core</artifactId>
  <dependencies>
    <dependency>
      <groupId>com.adobe.xmp</groupId>
      <artifactId>xmpcore</artifactId>
      <version>5.1.3</version>
      <scope>compile</scope>
    </dependency>
    <dependency>
      <groupId>junit</groupId>
      <artifactId>junit</artifactId>
      <version>4.12</version>
      <scope>compile</scope>
    </dependency>
    <dependency>
      <groupId>org.hamcrest</groupId>
      <artifactId>hamcrest-core</artifactId>
      <version>1.3</version>
      <scope>compile</scope>
    </dependency>
  </dependencies>
  <properties>
    <project.reporting.outputEncoding>UTF-8</project.reporting.outputEncoding>
    <project.build.sourceEncoding>UTF-8</project.build.sourceEncoding>
  </properties>
</project>

