<?xml version="1.0" encoding="utf-8"?>
<layer-list xmlns:android="http://schemas.android.com/apk/res/android">
    <item>
        <shape android:shape="rectangle">
            //边框角度 
            <corners android:radius="31dip"/>
            //外边框颜色
            <solid android:color="#3eb0f7"/>
        </shape>
    </item>
    //离边框的厚度
    <item android:bottom="1dp" android:left="1dp" android:right="1dp" android:top="1dp">
        <shape android:shape="rectangle">
            //边框角度
            <corners android:radius="30dip"/>
            //外边框颜色，这个为内部颜色
            <solid android:color="#ffffff" />
        </shape>
    </item>

</layer-list>