<resources>
    <!-- Base application theme. -->
    <style name="AppTheme" parent="Theme.AppCompat.Light.NoActionBar">
        <!-- Customize your theme here. -->
        <item name="colorPrimary">@color/colorPrimary</item>
        <item name="colorPrimaryDark">@color/colorPrimaryDark</item>
        <item name="colorAccent">@color/colorAccent</item>
        <item name="android:statusBarColor">@android:color/transparent</item>
        <item name="titleTextColor">@android:color/black</item>
    </style>

    <style name="TabLayoutTextStyle">
        <item name="android:textSize">16sp</item>
    </style>



    <style name="bottom_style" parent="android:Theme.Dialog">
        <item name="android:windowAnimationStyle">@style/BottomDialogAnim</item>
        <item name="android:windowFrame">@null</item>
        <item name="android:windowIsFloating">false</item>
        <item name="android:windowBackground">@android:color/transparent</item>
        <item name="android:windowNoTitle">true</item>
    </style>


    <style name="BottomDialogAnim" parent="@android:style/Animation.Dialog">
        <item name="android:windowEnterAnimation">@anim/dialog_in</item>
        <item name="android:windowExitAnimation">@anim/dialog_out</item>
    </style>


</resources>