<?xml version="1.0" encoding="utf-8"?>
<LinearLayout
    xmlns:android="http://schemas.android.com/apk/res/android"
    xmlns:app="http://schemas.android.com/apk/res-auto"
    android:layout_width="match_parent"
    android:layout_height="match_parent"
    android:clipChildren="false"
    android:orientation="vertical">

    <com.google.android.material.appbar.AppBarLayout
        android:layout_width="match_parent"
        android:layout_height="80dp"
        android:fitsSystemWindows="true"
        android:theme="@style/ThemeOverlay.AppCompat.Dark.ActionBar">

        <androidx.appcompat.widget.Toolbar
            android:id="@+id/toolbar1"
            app:title="底部导航"
            android:fitsSystemWindows="true"
            app:titleTextColor="@color/colorPrimary"
            android:background="@drawable/jianbian1"
            android:layout_width="match_parent"
            android:layout_height="80dp"
            app:popupTheme="@style/ThemeOverlay.AppCompat.Light"/>

    </com.google.android.material.appbar.AppBarLayout>

    <FrameLayout
        android:id="@+id/main_content"
        android:layout_width="match_parent"
        android:layout_height="0dp"
        android:layout_weight="1"
        android:background="#f2f1f6"/>

    <LinearLayout
        android:clipChildren="false"
        android:layout_width="fill_parent"
        android:layout_height="45dp"
        android:layout_gravity="bottom"
        android:background="#FFFFFFFF">

        <RelativeLayout
            android:id="@+id/first_layout"
            android:layout_width="0dp"
            android:layout_height="match_parent"
            android:layout_weight="1">

            <LinearLayout
                android:layout_width="match_parent"
                android:layout_height="wrap_content"
                android:layout_centerVertical="true"
                android:orientation="vertical">

                <ImageView
                    android:id="@+id/first_image"
                    android:layout_width="26dp"
                    android:layout_height="26dp"
                    android:layout_gravity="center_horizontal"
                    android:src="@mipmap/e9"/>

            </LinearLayout>

        </RelativeLayout>

        <RelativeLayout
            android:id="@+id/second_layout"
            android:layout_width="0dp"
            android:layout_height="match_parent"
            android:layout_weight="1">

            <LinearLayout
                android:layout_width="match_parent"
                android:layout_height="wrap_content"
                android:layout_centerVertical="true"
                android:orientation="vertical">

                <ImageView
                    android:id="@+id/second_image"
                    android:layout_width="26dp"
                    android:layout_height="26dp"
                    android:layout_gravity="center_horizontal"
                    android:src="@mipmap/e5"/>

            </LinearLayout>

        </RelativeLayout>

        <RelativeLayout
            android:layout_width="85dp"
            android:layout_height="65dp"
            android:layout_gravity="bottom"
            android:layout_marginBottom="8dp">

            <ImageView
                android:id="@+id/dd"
                android:layout_width="60dp"
                android:layout_height="60dp"
                android:layout_centerInParent="true"
                android:src="@mipmap/ic_default_video_bottom"/>

            <ImageView
                android:id="@+id/dd5"
                android:layout_width="72dp"
                android:layout_height="72dp"
                android:layout_centerInParent="true"
                android:src="@mipmap/btn_video_follow"/>

        </RelativeLayout>

        <RelativeLayout
            android:id="@+id/third_layout"
            android:layout_width="0dp"
            android:layout_height="match_parent"
            android:layout_weight="1">

            <LinearLayout
                android:layout_width="match_parent"
                android:layout_height="wrap_content"
                android:layout_centerVertical="true"
                android:orientation="vertical">

                <ImageView
                    android:id="@+id/third_image"
                    android:layout_width="26dp"
                    android:layout_height="26dp"
                    android:layout_gravity="center_horizontal"
                    android:src="@mipmap/b1"/>

            </LinearLayout>

        </RelativeLayout>

        <RelativeLayout
            android:id="@+id/fourth_layout"
            android:layout_width="0dp"
            android:layout_height="match_parent"
            android:layout_weight="1">

            <LinearLayout
                android:layout_width="match_parent"
                android:layout_height="wrap_content"
                android:layout_centerVertical="true"
                android:orientation="vertical">

                <ImageView
                    android:id="@+id/fourth_image"
                    android:layout_width="26dp"
                    android:layout_height="26dp"
                    android:layout_gravity="center_horizontal"
                    android:src="@mipmap/a7"/>

            </LinearLayout>

        </RelativeLayout>

    </LinearLayout>

</LinearLayout>


